nnusse1,user1@gmail.com,123456
nnusse2,user2@gmail.com,123456
nnusse3,user3@gmail.com,123456
nnusse4,user4@gmail.com,123456
nnusse5,user5@gmail.com,123456
nnusse6,user6@gmail.com,123456
nnusse7,user7@gmail.com,123456
nnusse8,user8@gmail.com,123456
nnusse9,user9@gmail.com,123456
nnusse10,user10@gmail.com,123456
nnusse11,user11@gmail.com,123456
nnusse12,user12@gmail.com,123456
nnusse13,user13@gmail.com,123456
nnusse14,user14@gmail.com,123456
nnusse15,user15@gmail.com,123456
nnusse16,user16@gmail.com,123456
nnusse17,user17@gmail.com,123456
nnusse18,user18@gmail.com,123456
nnusse19,user19@gmail.com,123456
nnusse20,user20@gmail.com,123456
nnusse21,user21@gmail.com,123456
nnusse22,user22@gmail.com,123456
nnusse23,user23@gmail.com,123456
nnusse24,user24@gmail.com,123456
nnusse25,user25@gmail.com,123456
nnusse26,user26@gmail.com,123456
nnusse27,user27@gmail.com,123456
nnusse28,user28@gmail.com,123456
nnusse29,user29@gmail.com,123456
nnusse30,user30@gmail.com,123456